Answer Rate,Abandoned Calls,Answer Speed (AVG),Talk Duration (AVG),Waiting Time (AVG),Service Level (20 Seconds),Vishing
88.23220255890988,11,0 days 00:18:23,0 days 00:02:19,0 days 00:05:14,65.49244220496088,0
90.72784049558629,16,0 days 00:11:18,0 days 00:01:11,0 days 00:05:33,77.22811791283041,0
89.04145064107466,19,0 days 00:11:26,0 days 00:01:09,0 days 00:03:05,75.81545699965804,0
88.17324774495346,23,0 days 00:13:27,0 days 00:02:02,0 days 00:03:47,63.880850983692056,0
86.35482199008356,17,0 days 00:17:46,0 days 00:02:05,0 days 00:05:35,66.61673524981613,0
89.68841169599985,8,0 days 00:16:35,0 days 00:02:30,0 days 00:04:29,76.50605235098183,0
86.56380816894038,10,0 days 00:15:10,0 days 00:01:11,0 days 00:05:41,64.878755790226,0
93.3765950117312,12,0 days 00:14:40,0 days 00:02:35,0 days 00:05:24,66.63204291334262,0
94.45494140751543,19,0 days 00:13:55,0 days 00:01:48,0 days 00:05:24,66.86133864846174,0
85.75162278238666,16,0 days 00:18:38,0 days 00:01:58,0 days 00:04:19,76.02084055651534,0
91.87587557123997,14,0 days 00:19:33,0 days 00:02:15,0 days 00:05:42,60.740605312100335,0
87.93342379629357,16,0 days 00:10:41,0 days 00:01:01,0 days 00:04:09,61.47573966242829,0
88.52066841640898,21,0 days 00:13:08,0 days 00:02:12,0 days 00:04:12,71.56903096325875,0
93.88394957438992,12,0 days 00:11:47,0 days 00:01:25,0 days 00:05:24,67.94223981992133,0
81.0655408729683,6,0 days 00:16:36,0 days 00:01:30,0 days 00:03:51,72.65770639221415,0
81.30693949552311,23,0 days 00:15:01,0 days 00:01:33,0 days 00:04:32,65.32922552358765,1
80.30327596160488,5,0 days 00:19:09,0 days 00:02:48,0 days 00:05:13,78.19165354963121,0
92.48929768321906,14,0 days 00:15:38,0 days 00:02:27,0 days 00:03:00,75.21883774348912,0
91.67235126424775,13,0 days 00:17:37,0 days 00:01:20,0 days 00:03:23,61.35492441100792,0
93.0501822237023,23,0 days 00:13:20,0 days 00:01:49,0 days 00:05:38,75.67810954570068,0
94.67927513349146,16,0 days 00:15:09,0 days 00:01:08,0 days 00:04:50,79.39164744624503,0
91.98737846325085,24,0 days 00:19:12,0 days 00:02:04,0 days 00:03:38,78.84871241174946,0
86.92219043379397,22,0 days 00:14:16,0 days 00:01:34,0 days 00:05:48,74.70967596050896,0
91.70793764429683,20,0 days 00:14:48,0 days 00:01:30,0 days 00:04:21,62.47187506962431,0
81.774116388034,8,0 days 00:16:36,0 days 00:02:42,0 days 00:05:07,71.52153531680908,0
89.59881531991286,15,0 days 00:14:04,0 days 00:02:24,0 days 00:05:23,65.68465457680978,0
82.1502993111357,19,0 days 00:10:20,0 days 00:01:37,0 days 00:04:14,79.40425887272494,1
94.17003375574376,20,0 days 00:14:09,0 days 00:01:22,0 days 00:03:18,74.34971450723219,0
87.82772482625107,6,0 days 00:18:21,0 days 00:02:01,0 days 00:03:27,72.21531179574839,0
86.21992909985785,17,0 days 00:16:10,0 days 00:01:42,0 days 00:03:51,73.90176085209453,0
83.9683341815694,16,0 days 00:17:26,0 days 00:01:48,0 days 00:05:04,68.75958258219362,1
91.61350534151325,12,0 days 00:10:54,0 days 00:02:26,0 days 00:05:50,67.45473502875214,0
86.84225498324822,16,0 days 00:16:04,0 days 00:02:45,0 days 00:03:47,78.71599158879928,0
88.52650923302973,18,0 days 00:15:43,0 days 00:01:20,0 days 00:04:21,66.63854269585373,0
80.28184700654533,7,0 days 00:10:09,0 days 00:01:43,0 days 00:04:59,60.82872263465438,0
89.26453245613816,6,0 days 00:18:02,0 days 00:01:07,0 days 00:05:49,68.01680308308914,0
89.18143584083631,21,0 days 00:18:00,0 days 00:02:05,0 days 00:05:11,75.80680705243344,0
89.25400995312135,6,0 days 00:19:42,0 days 00:01:45,0 days 00:04:57,72.9693671609784,0
94.15622117771936,21,0 days 00:17:55,0 days 00:01:30,0 days 00:05:33,79.2434155095575,0
90.22730448655226,6,0 days 00:15:21,0 days 00:01:12,0 days 00:04:48,62.12403735238275,0
85.39261850860679,6,0 days 00:14:49,0 days 00:02:09,0 days 00:04:19,78.23092604458768,0
86.55547930699012,17,0 days 00:15:53,0 days 00:01:56,0 days 00:03:21,67.37698387828124,0
90.46446793890897,11,0 days 00:12:11,0 days 00:01:21,0 days 00:04:00,69.48005170843825,0
80.90338207443905,13,0 days 00:15:57,0 days 00:02:09,0 days 00:03:29,68.56964308978469,0
90.00150073168501,13,0 days 00:12:02,0 days 00:01:16,0 days 00:03:22,62.32904562184883,0
90.0595680442724,18,0 days 00:18:35,0 days 00:01:43,0 days 00:03:24,64.95592911450377,0
83.15573841610761,15,0 days 00:15:33,0 days 00:01:23,0 days 00:04:07,74.84543138459584,0
81.9338944648228,24,0 days 00:16:58,0 days 00:01:40,0 days 00:05:17,60.460150836913904,1
84.73142526386276,23,0 days 00:18:01,0 days 00:01:37,0 days 00:03:38,62.67775548772549,1
85.45566156413933,5,0 days 00:10:30,0 days 00:02:51,0 days 00:04:04,60.504203375827004,0
88.5529515562682,9,0 days 00:12:33,0 days 00:01:48,0 days 00:04:19,77.14776114647098,0
86.5790227019348,5,0 days 00:14:12,0 days 00:01:39,0 days 00:05:22,72.3464965556356,0
94.8256075708884,10,0 days 00:15:13,0 days 00:02:44,0 days 00:04:09,63.39857324237118,0
81.53067216122042,20,0 days 00:19:45,0 days 00:01:38,0 days 00:04:21,75.37544446107508,1
83.13315134142252,24,0 days 00:18:28,0 days 00:01:43,0 days 00:04:45,79.33601194903108,1
82.41964276827494,20,0 days 00:15:18,0 days 00:01:48,0 days 00:04:07,78.69120749060036,1
89.79662488198097,24,0 days 00:11:36,0 days 00:01:00,0 days 00:04:22,78.43095095624331,0
83.79937403809673,17,0 days 00:13:23,0 days 00:01:09,0 days 00:04:47,60.156204308114866,1
86.9946615928446,18,0 days 00:13:04,0 days 00:01:15,0 days 00:05:57,71.78026977970558,0
83.66638388002404,15,0 days 00:17:08,0 days 00:01:52,0 days 00:04:53,65.13265233278058,0
82.3845437546828,14,0 days 00:11:36,0 days 00:02:48,0 days 00:05:09,71.29294428619717,0
81.65562711746458,21,0 days 00:11:32,0 days 00:01:53,0 days 00:05:15,66.3606057832111,1
89.8449438419791,11,0 days 00:19:46,0 days 00:01:04,0 days 00:03:08,63.073330855452255,0
82.07274427022921,8,0 days 00:15:55,0 days 00:01:28,0 days 00:03:31,68.88987446716693,0
82.94873542520081,21,0 days 00:14:45,0 days 00:02:53,0 days 00:05:04,69.90192654352747,1
85.53087755991446,5,0 days 00:13:09,0 days 00:01:35,0 days 00:03:14,79.7953101369525,0
92.31489844771903,6,0 days 00:18:11,0 days 00:01:20,0 days 00:05:28,60.847757682770805,0
81.45651913689592,23,0 days 00:10:41,0 days 00:01:06,0 days 00:05:26,66.02310397794554,1
92.56917361248206,5,0 days 00:12:37,0 days 00:01:41,0 days 00:05:43,77.03787690176645,0
81.44147611840944,16,0 days 00:15:53,0 days 00:01:31,0 days 00:03:44,73.19390996252085,1
94.64689197520093,23,0 days 00:14:13,0 days 00:02:29,0 days 00:04:43,76.53366063691792,0
87.02976802471552,23,0 days 00:10:35,0 days 00:02:20,0 days 00:05:39,73.20581837119556,0
94.65141632285506,20,0 days 00:13:28,0 days 00:02:08,0 days 00:05:32,75.19072618292266,0
89.07268279617568,20,0 days 00:11:24,0 days 00:02:50,0 days 00:03:38,69.85843499994115,0
91.08895369097452,12,0 days 00:10:33,0 days 00:01:13,0 days 00:03:41,64.09755385795195,0
80.58781688381481,17,0 days 00:15:51,0 days 00:01:33,0 days 00:04:15,76.200077216744,1
84.24210443864614,18,0 days 00:13:57,0 days 00:01:17,0 days 00:03:59,71.35641309327939,1
81.80294841819753,23,0 days 00:11:40,0 days 00:02:51,0 days 00:03:35,62.79010387573659,1
84.44210296283218,19,0 days 00:15:44,0 days 00:02:05,0 days 00:04:15,76.09788053741732,1
81.78091578431366,19,0 days 00:18:57,0 days 00:02:29,0 days 00:03:47,79.17171820725156,1
84.76974769090964,12,0 days 00:14:53,0 days 00:01:47,0 days 00:05:57,66.92327745256932,0
86.21394491772006,17,0 days 00:13:44,0 days 00:02:26,0 days 00:04:54,65.87024504172886,0
80.96221244523177,16,0 days 00:19:49,0 days 00:01:42,0 days 00:04:54,61.63550356415132,1
90.3870817905503,17,0 days 00:11:36,0 days 00:01:22,0 days 00:04:49,73.2898245289883,0
88.49902181309862,20,0 days 00:10:05,0 days 00:02:21,0 days 00:03:29,79.17923236992993,0
83.98084236409169,16,0 days 00:14:37,0 days 00:02:07,0 days 00:03:50,62.71985379983215,1
87.8487208020005,18,0 days 00:12:48,0 days 00:01:19,0 days 00:05:01,69.70319262638631,0
81.40910766137662,19,0 days 00:12:21,0 days 00:01:46,0 days 00:05:18,61.96476369306496,1
88.63919743334269,23,0 days 00:10:27,0 days 00:01:29,0 days 00:03:42,60.682198074196315,0
93.93944296364322,9,0 days 00:19:06,0 days 00:02:58,0 days 00:03:26,73.29002101335291,0
84.77853428676985,6,0 days 00:16:24,0 days 00:02:08,0 days 00:04:45,77.35374350686996,0
90.01115569945523,22,0 days 00:19:27,0 days 00:02:24,0 days 00:05:05,66.75141072252059,0
81.97696793606588,22,0 days 00:10:44,0 days 00:02:49,0 days 00:04:56,77.515303488202,1
90.74490806177849,21,0 days 00:12:56,0 days 00:01:30,0 days 00:03:07,62.34106198302064,0
84.34109139420802,14,0 days 00:16:07,0 days 00:01:44,0 days 00:05:25,64.75921363834952,0
82.74787043010676,21,0 days 00:15:07,0 days 00:02:19,0 days 00:04:14,78.03213453813437,1
88.79769402215125,7,0 days 00:18:49,0 days 00:01:33,0 days 00:03:56,70.17019787381341,0
80.3016131928124,20,0 days 00:15:52,0 days 00:01:04,0 days 00:05:36,72.16384767594049,1
92.43410043826044,22,0 days 00:18:24,0 days 00:02:23,0 days 00:05:24,60.76036465085016,0
80.07043214288821,11,0 days 00:17:06,0 days 00:01:37,0 days 00:04:01,62.567798202957775,0
90.16724805194345,5,0 days 00:13:30,0 days 00:01:52,0 days 00:04:08,61.11581625001706,0
84.05011959788247,11,0 days 00:10:51,0 days 00:02:04,0 days 00:05:52,78.10001479899339,0
91.02791033183892,17,0 days 00:17:16,0 days 00:01:17,0 days 00:03:54,62.69589927741894,0
94.43282817676157,20,0 days 00:11:21,0 days 00:01:17,0 days 00:05:40,76.99345653217509,0
83.73129715279937,15,0 days 00:14:26,0 days 00:02:53,0 days 00:04:50,67.02069398744906,0
88.64236001626756,7,0 days 00:13:24,0 days 00:01:39,0 days 00:03:12,76.0119499273156,0
88.88062896907759,13,0 days 00:10:41,0 days 00:02:44,0 days 00:05:33,67.30087094913495,0
88.5837785868631,11,0 days 00:17:45,0 days 00:01:18,0 days 00:04:04,65.35368079385754,0
83.34622448960927,7,0 days 00:14:19,0 days 00:01:05,0 days 00:04:09,61.873214023781145,0
94.29123517275477,5,0 days 00:13:46,0 days 00:02:38,0 days 00:04:16,65.61413181148268,0
86.70688067926442,15,0 days 00:17:06,0 days 00:01:03,0 days 00:05:38,69.4295943343456,0
92.69613008706692,17,0 days 00:10:04,0 days 00:01:58,0 days 00:05:48,76.35017597793592,0
90.49218912976256,8,0 days 00:19:35,0 days 00:01:00,0 days 00:05:25,69.05029909537396,0
84.46155426282701,14,0 days 00:17:28,0 days 00:02:59,0 days 00:05:36,79.42871149875235,0
92.20696729553715,12,0 days 00:18:03,0 days 00:01:35,0 days 00:03:28,70.83266021709646,0
85.94758611270477,21,0 days 00:15:42,0 days 00:01:25,0 days 00:03:11,60.49891259622887,0
93.21654795666743,15,0 days 00:18:07,0 days 00:02:24,0 days 00:04:33,68.30734600382544,0
88.71909308953788,9,0 days 00:11:27,0 days 00:02:33,0 days 00:04:05,73.77798214773027,0
93.22603042782279,22,0 days 00:15:05,0 days 00:02:05,0 days 00:04:44,64.68583292499649,0
90.38797385116649,8,0 days 00:11:58,0 days 00:01:14,0 days 00:05:08,73.97259901696317,0
90.8788141972946,10,0 days 00:12:19,0 days 00:01:44,0 days 00:04:48,70.07394610363032,0
87.51986572890053,11,0 days 00:10:12,0 days 00:02:42,0 days 00:05:58,60.51475551166231,0
94.34125452084835,16,0 days 00:10:02,0 days 00:01:04,0 days 00:05:35,75.48705898960412,0
89.65985298844456,7,0 days 00:11:31,0 days 00:02:10,0 days 00:04:19,71.2074740762815,0
86.35782572837269,12,0 days 00:11:57,0 days 00:01:17,0 days 00:04:47,61.64987006162187,0
89.09589821191886,24,0 days 00:12:01,0 days 00:02:33,0 days 00:03:16,69.50428066924546,0
80.28789797464,14,0 days 00:10:35,0 days 00:02:01,0 days 00:04:30,65.74585763549493,0
84.52362225011824,5,0 days 00:15:17,0 days 00:01:56,0 days 00:04:17,77.59363085175866,0
89.90260306239027,21,0 days 00:11:17,0 days 00:01:01,0 days 00:03:25,65.69854105614498,0
84.35116410815667,22,0 days 00:18:31,0 days 00:01:16,0 days 00:05:31,78.83374141948397,1
89.27023143498262,13,0 days 00:16:42,0 days 00:02:06,0 days 00:04:00,70.92265498694225,0
86.43153051418649,24,0 days 00:18:42,0 days 00:02:18,0 days 00:05:27,66.47227419093443,0
82.03211096333675,20,0 days 00:14:35,0 days 00:02:46,0 days 00:04:05,76.27090034835155,1
84.47423488934047,21,0 days 00:14:25,0 days 00:01:49,0 days 00:04:47,73.94800756731532,1
88.54947366051897,22,0 days 00:17:02,0 days 00:01:24,0 days 00:05:48,68.2792499139176,0
88.8630914187226,15,0 days 00:13:50,0 days 00:02:09,0 days 00:04:08,72.59236605413186,0
88.61487873274368,22,0 days 00:18:17,0 days 00:01:21,0 days 00:05:23,75.57168528056563,0
89.798012297857,8,0 days 00:11:42,0 days 00:01:08,0 days 00:03:21,77.03115588566979,0
89.78154905002533,12,0 days 00:11:09,0 days 00:02:12,0 days 00:03:19,76.32825427428128,0
86.4712765315096,14,0 days 00:15:42,0 days 00:01:33,0 days 00:05:36,63.32154177186836,0
93.44819893776594,8,0 days 00:11:02,0 days 00:02:09,0 days 00:05:18,76.56779105007172,0
85.51342805071845,12,0 days 00:10:12,0 days 00:02:36,0 days 00:03:24,61.17258117767544,0
86.5379738789844,21,0 days 00:19:38,0 days 00:02:57,0 days 00:05:33,64.00341363101137,0
93.37885032523508,7,0 days 00:10:59,0 days 00:01:00,0 days 00:03:07,72.45853440131978,0
92.09290983569129,9,0 days 00:18:17,0 days 00:01:43,0 days 00:05:28,62.293850508938085,0
90.5583287531055,9,0 days 00:10:24,0 days 00:02:55,0 days 00:04:39,72.066951901124,0
81.50340330968451,11,0 days 00:16:02,0 days 00:01:06,0 days 00:05:23,66.15931382727128,0
93.79223920617011,5,0 days 00:17:56,0 days 00:01:14,0 days 00:05:12,68.58933170309297,0
90.71361949323668,22,0 days 00:12:12,0 days 00:01:37,0 days 00:04:47,66.30303006890956,0
94.982705098518,10,0 days 00:16:42,0 days 00:02:32,0 days 00:04:40,61.40347135729809,0
82.2417245698699,24,0 days 00:17:56,0 days 00:02:20,0 days 00:04:36,70.01517505843921,1
93.02189086052321,19,0 days 00:13:19,0 days 00:01:53,0 days 00:04:43,79.27198888789775,0
82.43739402014562,13,0 days 00:19:44,0 days 00:01:29,0 days 00:04:25,72.23566696320255,0
89.23339346425766,7,0 days 00:19:58,0 days 00:02:56,0 days 00:04:55,66.0006374323425,0
81.85729974274162,22,0 days 00:11:19,0 days 00:02:22,0 days 00:05:09,79.12299668248039,1
92.72012343983351,20,0 days 00:14:36,0 days 00:02:33,0 days 00:05:58,67.78474503904455,0
92.10978438087515,21,0 days 00:19:20,0 days 00:02:41,0 days 00:03:23,73.95035467737686,0
88.5365110792189,13,0 days 00:17:49,0 days 00:01:03,0 days 00:04:04,72.68225609844889,0
86.10774945838999,17,0 days 00:19:59,0 days 00:02:46,0 days 00:03:14,79.05821696077703,0
81.03750493182707,12,0 days 00:18:01,0 days 00:02:14,0 days 00:03:37,78.29205388989674,0
90.46143159716846,17,0 days 00:15:22,0 days 00:01:41,0 days 00:03:52,62.96008112700063,0
86.80314024017103,5,0 days 00:19:20,0 days 00:01:39,0 days 00:04:38,61.71371749458845,0
90.83083399205522,16,0 days 00:12:19,0 days 00:02:36,0 days 00:05:10,76.19284655597659,0
92.99573488892943,16,0 days 00:12:32,0 days 00:01:32,0 days 00:04:54,78.09886426593646,0
94.63282257504329,13,0 days 00:16:39,0 days 00:01:28,0 days 00:04:37,69.85947207845798,0
92.83705013588917,5,0 days 00:18:54,0 days 00:01:14,0 days 00:05:25,73.8152254766755,0
80.17571126277502,18,0 days 00:15:10,0 days 00:02:35,0 days 00:03:44,61.395765603568364,1
85.39967096717545,18,0 days 00:12:42,0 days 00:02:38,0 days 00:03:27,64.39608795712944,0
90.94985843636087,10,0 days 00:12:37,0 days 00:02:02,0 days 00:05:31,62.98752389313442,0
82.5744451589216,20,0 days 00:12:20,0 days 00:02:01,0 days 00:04:39,72.02321167100068,1
87.81554909306195,12,0 days 00:15:00,0 days 00:02:41,0 days 00:04:05,63.950797875322145,0
80.8150698250888,23,0 days 00:14:36,0 days 00:02:39,0 days 00:04:11,61.19692631101701,1
82.999947873446,9,0 days 00:15:19,0 days 00:02:07,0 days 00:03:57,66.04414565472021,0
80.2778269169092,19,0 days 00:15:53,0 days 00:01:13,0 days 00:04:15,73.54424858227905,1
91.90546555036131,17,0 days 00:19:47,0 days 00:01:18,0 days 00:03:10,71.55727448523709,0
83.35887032090571,10,0 days 00:15:50,0 days 00:02:21,0 days 00:03:08,66.61449930989272,0
85.18027521045354,21,0 days 00:11:50,0 days 00:02:01,0 days 00:03:14,76.66957751686752,0
93.92121940198386,9,0 days 00:14:27,0 days 00:01:34,0 days 00:04:35,65.52538216024179,0
90.56621602885299,14,0 days 00:14:57,0 days 00:02:38,0 days 00:03:26,65.21095276731366,0
80.47758394296962,9,0 days 00:12:29,0 days 00:02:23,0 days 00:03:51,71.19894821579176,0
82.4704123474687,21,0 days 00:11:31,0 days 00:02:54,0 days 00:05:49,69.56431279691552,1
89.32217602249645,23,0 days 00:11:21,0 days 00:02:08,0 days 00:03:41,68.91945321200721,0
88.65842882906252,10,0 days 00:18:06,0 days 00:02:15,0 days 00:03:45,63.115712379081344,0
83.56839232061763,19,0 days 00:16:30,0 days 00:01:21,0 days 00:04:35,70.09292383265982,1
94.0132099688719,8,0 days 00:13:09,0 days 00:01:03,0 days 00:05:34,65.18037834550888,0
89.20948933948844,21,0 days 00:16:08,0 days 00:02:53,0 days 00:04:41,67.84359765238031,0
88.03449204537438,5,0 days 00:17:41,0 days 00:01:34,0 days 00:04:17,74.67140895341213,0
88.84864964531856,22,0 days 00:14:09,0 days 00:02:23,0 days 00:03:09,78.73725651118711,0
90.95183044275154,14,0 days 00:10:07,0 days 00:02:30,0 days 00:03:21,75.47725930378648,0
84.67917493219403,23,0 days 00:15:13,0 days 00:02:12,0 days 00:03:02,68.11267789246527,1
85.97331593324138,6,0 days 00:12:48,0 days 00:02:45,0 days 00:05:40,71.86066278657528,0
83.14765623462684,21,0 days 00:13:10,0 days 00:02:18,0 days 00:04:08,74.92995631751408,1
82.79289508820504,22,0 days 00:13:14,0 days 00:01:35,0 days 00:05:04,68.28442100191783,1
94.165585849759,17,0 days 00:18:42,0 days 00:02:16,0 days 00:05:48,67.20496317624603,0
91.09326192573931,11,0 days 00:14:57,0 days 00:02:21,0 days 00:03:06,62.70486591911727,0
87.35688212926351,24,0 days 00:17:04,0 days 00:02:46,0 days 00:03:53,74.72521602951751,0
83.41121941959985,9,0 days 00:11:14,0 days 00:02:27,0 days 00:04:58,76.7701718161525,0
83.8153472265559,8,0 days 00:15:30,0 days 00:02:21,0 days 00:04:43,66.33168822059906,0
80.87043740485814,11,0 days 00:19:53,0 days 00:02:36,0 days 00:03:52,75.67015531285071,0
86.51624938337181,9,0 days 00:18:04,0 days 00:01:49,0 days 00:04:02,72.20426116673976,0
84.67693822991154,23,0 days 00:11:01,0 days 00:01:11,0 days 00:04:03,75.68166092806487,1
90.44515233223188,24,0 days 00:17:49,0 days 00:02:44,0 days 00:04:59,68.22674766299329,0
85.66627758938722,11,0 days 00:14:41,0 days 00:02:06,0 days 00:03:58,74.95152727299214,0
82.69405516339452,17,0 days 00:13:02,0 days 00:02:52,0 days 00:05:53,68.17018235795251,1
80.37018092586997,8,0 days 00:17:36,0 days 00:01:22,0 days 00:04:26,61.775159708389054,0
81.00874447194873,19,0 days 00:16:07,0 days 00:02:08,0 days 00:04:16,71.01157836269888,1
90.19089160247852,24,0 days 00:17:37,0 days 00:01:41,0 days 00:03:16,69.08657452777291,0
86.80545266834068,22,0 days 00:12:56,0 days 00:01:42,0 days 00:04:07,65.05759774403154,0
88.04868816663082,8,0 days 00:14:00,0 days 00:01:15,0 days 00:03:24,77.84226669933538,0
93.45006939560513,8,0 days 00:13:20,0 days 00:01:59,0 days 00:05:13,67.65706611072002,0
94.85508421095057,6,0 days 00:16:57,0 days 00:02:00,0 days 00:03:10,60.782522228645625,0
83.25345476597711,24,0 days 00:16:38,0 days 00:02:21,0 days 00:04:44,67.6427148040518,1
89.94617304650151,9,0 days 00:15:21,0 days 00:02:43,0 days 00:04:29,68.4901961580074,0
83.94983565105726,12,0 days 00:13:43,0 days 00:02:17,0 days 00:03:26,77.2327544638832,0
80.30976499198593,15,0 days 00:13:12,0 days 00:02:35,0 days 00:05:33,75.98366416210087,0
91.37567980754213,15,0 days 00:12:48,0 days 00:02:39,0 days 00:03:25,63.99933171815849,0
84.80025726233701,22,0 days 00:18:31,0 days 00:02:53,0 days 00:04:09,76.78058451917741,1
85.75195841257847,23,0 days 00:17:28,0 days 00:01:03,0 days 00:03:27,64.95854456507331,0
88.82475670330409,21,0 days 00:12:39,0 days 00:01:45,0 days 00:03:33,66.83868296328586,0
92.46572682854286,5,0 days 00:11:00,0 days 00:01:25,0 days 00:03:02,61.53636907954983,0
89.43472765386723,9,0 days 00:16:22,0 days 00:01:51,0 days 00:03:39,61.107126262687274,0
93.08975983171092,7,0 days 00:14:44,0 days 00:01:28,0 days 00:05:31,73.61720241622275,0
84.10313052223454,18,0 days 00:12:04,0 days 00:02:22,0 days 00:03:34,78.46682169043466,1
91.97070250868846,6,0 days 00:18:24,0 days 00:02:48,0 days 00:05:10,69.86033708475658,0
82.78453916458929,7,0 days 00:11:23,0 days 00:02:35,0 days 00:04:40,76.88187423917167,0
94.29187485457916,7,0 days 00:11:36,0 days 00:01:23,0 days 00:03:27,75.87502499385306,0
90.31232414581723,24,0 days 00:11:46,0 days 00:02:50,0 days 00:05:35,73.29357446762658,0
83.23261515670337,17,0 days 00:14:59,0 days 00:01:10,0 days 00:04:25,79.56457862235557,1
94.21055885733387,12,0 days 00:18:23,0 days 00:01:13,0 days 00:03:17,76.04375841752773,0
90.96283710155237,18,0 days 00:19:40,0 days 00:02:17,0 days 00:04:12,65.49688788428523,0
83.80912463892538,22,0 days 00:18:18,0 days 00:01:13,0 days 00:05:16,75.78028492442216,1
83.19967966051223,24,0 days 00:11:33,0 days 00:02:23,0 days 00:03:45,73.85323292567807,1
87.77301070895994,17,0 days 00:18:06,0 days 00:02:05,0 days 00:03:13,67.99040893272704,0
80.38494077081798,22,0 days 00:18:58,0 days 00:01:03,0 days 00:03:20,61.5359494045423,1
83.11205113161664,5,0 days 00:17:15,0 days 00:01:12,0 days 00:04:52,64.287190592362,0
86.3702820312726,6,0 days 00:15:03,0 days 00:01:08,0 days 00:05:29,75.9447578328671,0
85.61254970501338,9,0 days 00:10:41,0 days 00:02:55,0 days 00:04:27,64.96970576272099,0
86.95363136547216,15,0 days 00:17:35,0 days 00:01:10,0 days 00:05:09,79.95715966046696,0
84.16443059442098,15,0 days 00:13:46,0 days 00:01:06,0 days 00:05:46,73.87976279977089,0
88.80176519687254,5,0 days 00:16:52,0 days 00:01:52,0 days 00:03:56,69.54444961435216,0
92.95783408884847,7,0 days 00:18:17,0 days 00:01:31,0 days 00:04:15,71.40873380423854,0
81.76297783943049,6,0 days 00:18:06,0 days 00:02:59,0 days 00:05:32,72.21745447082873,0
87.76068660731171,18,0 days 00:11:50,0 days 00:01:43,0 days 00:04:33,79.37889640065247,0
81.9810215951773,24,0 days 00:18:14,0 days 00:02:35,0 days 00:05:39,63.23482389263039,1
90.7528952178889,20,0 days 00:13:19,0 days 00:01:21,0 days 00:05:29,65.4479160532151,0
85.9408955421094,22,0 days 00:17:37,0 days 00:01:13,0 days 00:04:05,74.19182095942487,0
88.48131967787764,9,0 days 00:14:55,0 days 00:02:11,0 days 00:04:35,64.79715966287131,0
82.74919754321118,12,0 days 00:15:01,0 days 00:01:45,0 days 00:05:18,77.42594324404101,0
82.17271639015065,11,0 days 00:12:41,0 days 00:01:28,0 days 00:03:48,66.93068351316238,0
87.32084420973432,14,0 days 00:11:34,0 days 00:02:22,0 days 00:04:46,63.61678799831638,0
85.33419106774933,20,0 days 00:11:00,0 days 00:01:29,0 days 00:03:21,60.95241521699637,0
94.1064791787922,23,0 days 00:17:30,0 days 00:02:01,0 days 00:05:12,71.911900806359,0
91.47987880710448,15,0 days 00:12:37,0 days 00:01:26,0 days 00:05:03,76.50564379109103,0
91.22995429775821,23,0 days 00:12:47,0 days 00:01:50,0 days 00:04:48,65.47586222297582,0
93.555796096189,7,0 days 00:10:53,0 days 00:01:15,0 days 00:05:50,78.35078972517641,0
81.25133653163027,22,0 days 00:10:26,0 days 00:01:46,0 days 00:04:35,75.15468540236009,1
88.2828870488361,8,0 days 00:11:08,0 days 00:02:05,0 days 00:03:43,61.2260136499757,0
88.76714103433653,24,0 days 00:18:21,0 days 00:02:49,0 days 00:04:12,71.452659933495,0
94.42904567820844,21,0 days 00:10:43,0 days 00:01:51,0 days 00:05:30,71.3488188065053,0
84.38221290188824,17,0 days 00:17:11,0 days 00:01:25,0 days 00:03:39,64.0474460987196,1
83.6124316987317,8,0 days 00:12:17,0 days 00:01:18,0 days 00:05:48,66.69088757331443,0
81.50440913398246,18,0 days 00:19:42,0 days 00:02:57,0 days 00:03:34,69.16557787167525,1
80.24644444387211,7,0 days 00:10:05,0 days 00:01:39,0 days 00:03:35,60.961556424748366,0
93.94293975188286,8,0 days 00:18:33,0 days 00:01:48,0 days 00:05:44,62.99552818571776,0
90.04874819886365,22,0 days 00:19:58,0 days 00:01:45,0 days 00:03:49,63.280087782211176,0
91.77729368034707,17,0 days 00:10:26,0 days 00:01:22,0 days 00:03:18,67.58471508912781,0
84.22595158630924,11,0 days 00:16:40,0 days 00:01:27,0 days 00:05:21,74.94714917353161,0
88.7961524927949,15,0 days 00:15:00,0 days 00:02:15,0 days 00:03:54,76.62607318194517,0
80.95932899181471,15,0 days 00:14:42,0 days 00:01:44,0 days 00:03:47,63.25698092034078,0
87.28441393901934,10,0 days 00:11:18,0 days 00:01:38,0 days 00:05:19,75.0381207201354,0
94.66242709616671,15,0 days 00:15:15,0 days 00:02:53,0 days 00:05:06,73.41419916776339,0
93.14757867974886,13,0 days 00:11:15,0 days 00:01:00,0 days 00:05:02,77.81374783827756,0
85.07238427755269,20,0 days 00:12:54,0 days 00:01:09,0 days 00:05:49,79.37582507890343,0
94.42355231812247,9,0 days 00:17:30,0 days 00:01:22,0 days 00:05:25,62.48921217619882,0
83.47552439706807,24,0 days 00:13:09,0 days 00:02:09,0 days 00:05:25,61.613477228416336,1
94.23978233623522,10,0 days 00:10:57,0 days 00:01:23,0 days 00:05:41,75.99460257904019,0
94.12066557059748,8,0 days 00:16:50,0 days 00:02:10,0 days 00:03:40,63.24341746171717,0
91.98803881028587,12,0 days 00:10:53,0 days 00:02:26,0 days 00:05:43,63.89149048514414,0
89.45671905300186,20,0 days 00:16:08,0 days 00:02:27,0 days 00:03:34,77.64071845051654,0
93.1143194993742,20,0 days 00:17:32,0 days 00:02:05,0 days 00:04:31,78.7792979420505,0
84.39530426761695,15,0 days 00:12:01,0 days 00:01:55,0 days 00:04:55,66.36942487845948,0
92.73415332969377,24,0 days 00:15:38,0 days 00:01:55,0 days 00:03:32,76.84336200875988,0
89.26815037876285,18,0 days 00:17:29,0 days 00:01:26,0 days 00:05:32,77.17713819127302,0
80.1985528663835,12,0 days 00:12:05,0 days 00:01:31,0 days 00:05:03,72.10780961004073,0
85.2085027689833,10,0 days 00:13:51,0 days 00:01:19,0 days 00:03:09,71.3217689612629,0
82.22211291422248,12,0 days 00:16:43,0 days 00:02:01,0 days 00:04:31,71.5167681849122,0
94.7274408472738,23,0 days 00:16:31,0 days 00:01:25,0 days 00:05:53,66.02578375285445,0
87.17555460559981,12,0 days 00:16:08,0 days 00:02:44,0 days 00:05:34,72.37734077877981,0
87.46087048247995,5,0 days 00:16:13,0 days 00:02:11,0 days 00:03:13,64.8716054221714,0
89.59208774598085,17,0 days 00:17:57,0 days 00:01:11,0 days 00:05:44,63.55264580151218,0
85.52876909194427,12,0 days 00:17:40,0 days 00:01:57,0 days 00:03:42,68.25900908848013,0
82.05350407528398,13,0 days 00:15:25,0 days 00:01:55,0 days 00:03:24,74.1156084596887,0
92.33176599791368,20,0 days 00:19:16,0 days 00:01:17,0 days 00:03:48,72.42855374702928,0
82.84771867854137,9,0 days 00:10:13,0 days 00:01:54,0 days 00:03:51,79.29764158679404,0
87.66978473819684,15,0 days 00:18:16,0 days 00:02:44,0 days 00:05:39,72.92911822731445,0
83.36475543462109,21,0 days 00:17:02,0 days 00:01:00,0 days 00:05:40,62.82628099591841,1
81.4676672674105,13,0 days 00:13:27,0 days 00:01:11,0 days 00:05:52,63.22436426585036,0
92.93287276132526,21,0 days 00:10:00,0 days 00:01:36,0 days 00:04:30,61.861342801556646,0
94.59379233534696,19,0 days 00:11:53,0 days 00:02:39,0 days 00:05:16,63.82347529994026,0
94.412519870945,5,0 days 00:17:15,0 days 00:02:17,0 days 00:03:17,71.95901801358242,0
93.59833248831768,20,0 days 00:10:45,0 days 00:01:08,0 days 00:04:51,76.7657295002963,0
91.61070999047958,17,0 days 00:18:29,0 days 00:02:03,0 days 00:05:30,77.87735304134915,0
84.99717728042963,24,0 days 00:19:04,0 days 00:02:42,0 days 00:05:37,68.00087773370097,1
81.21652084981996,7,0 days 00:10:45,0 days 00:01:10,0 days 00:03:00,71.17166057174464,0
86.1086175712071,18,0 days 00:11:40,0 days 00:02:29,0 days 00:03:06,76.18399184301627,0
83.48351213256414,7,0 days 00:10:19,0 days 00:02:45,0 days 00:05:29,66.24141042390337,0
81.98731452136974,22,0 days 00:13:56,0 days 00:01:09,0 days 00:04:22,71.9133800887739,1
80.80140772680238,18,0 days 00:14:19,0 days 00:02:58,0 days 00:04:57,63.481650221073316,1
90.88391546315869,21,0 days 00:17:36,0 days 00:02:24,0 days 00:04:55,69.5308068103619,0
80.17141187937547,10,0 days 00:11:05,0 days 00:01:04,0 days 00:03:23,63.461445207269364,0
91.55871122754164,12,0 days 00:14:24,0 days 00:01:59,0 days 00:03:58,69.24852780598292,0
82.20419968100562,6,0 days 00:16:16,0 days 00:01:39,0 days 00:05:19,67.9363938353516,0
81.19283123880133,22,0 days 00:15:08,0 days 00:02:20,0 days 00:03:54,68.66529647000986,1
81.34404551357908,7,0 days 00:10:10,0 days 00:02:22,0 days 00:04:04,64.87424452213035,0
90.08071711030871,6,0 days 00:10:44,0 days 00:02:50,0 days 00:03:24,62.72086684757012,0
83.68050814779266,9,0 days 00:12:20,0 days 00:02:18,0 days 00:03:41,65.51330655839772,0
86.30809200020147,13,0 days 00:10:03,0 days 00:02:27,0 days 00:03:34,64.79160078487818,0
88.36053186985876,23,0 days 00:14:38,0 days 00:02:50,0 days 00:05:16,74.685924051689,0
92.90826760743191,6,0 days 00:11:30,0 days 00:01:52,0 days 00:05:43,74.33950145963092,0
90.90566394066992,8,0 days 00:19:12,0 days 00:02:39,0 days 00:05:12,71.68965987528544,0
84.05491857858073,21,0 days 00:12:49,0 days 00:01:48,0 days 00:05:44,61.82667596337551,1
81.97224198936692,8,0 days 00:10:59,0 days 00:01:30,0 days 00:04:06,71.32523708560066,0
80.83061480631797,10,0 days 00:13:00,0 days 00:01:03,0 days 00:05:20,61.584740518811955,0
84.52397951721414,6,0 days 00:12:35,0 days 00:01:10,0 days 00:04:03,60.36346038552475,0
83.93177223859517,8,0 days 00:19:12,0 days 00:01:32,0 days 00:04:29,67.05192230275311,0
86.84210850200719,12,0 days 00:18:04,0 days 00:01:21,0 days 00:05:04,64.810898381278,0
90.24922003321521,6,0 days 00:10:21,0 days 00:01:41,0 days 00:03:24,71.89295362866085,0
90.43438168458286,6,0 days 00:17:34,0 days 00:02:50,0 days 00:03:33,78.57284976139228,0
84.2527826987325,12,0 days 00:11:16,0 days 00:02:37,0 days 00:05:55,74.39704055542384,0
85.6989043385018,9,0 days 00:12:11,0 days 00:01:18,0 days 00:05:56,75.34721723941973,0
82.71726442605355,18,0 days 00:18:24,0 days 00:02:37,0 days 00:03:44,79.01786220741246,1
91.82818268459778,17,0 days 00:10:27,0 days 00:01:51,0 days 00:03:56,72.68182161793135,0
80.85272114649861,23,0 days 00:14:01,0 days 00:02:16,0 days 00:05:17,71.55461882819651,1
90.45495862587481,5,0 days 00:18:17,0 days 00:02:03,0 days 00:05:55,72.03735951905416,0
91.68043093911655,16,0 days 00:15:44,0 days 00:01:52,0 days 00:05:12,77.31610513134932,0
91.6611134277313,24,0 days 00:12:57,0 days 00:02:06,0 days 00:04:15,67.7619807041397,0
83.89133846518033,7,0 days 00:12:54,0 days 00:02:29,0 days 00:04:44,75.90672450776007,0
85.60719706898843,18,0 days 00:18:12,0 days 00:02:46,0 days 00:03:26,73.04513869954323,0
88.81399452794584,9,0 days 00:10:36,0 days 00:02:34,0 days 00:03:09,66.09143101563927,0
84.092328536367,21,0 days 00:18:40,0 days 00:01:51,0 days 00:04:29,60.273768219681834,1
85.56279198826833,21,0 days 00:16:33,0 days 00:02:32,0 days 00:05:03,64.1983998017384,0
82.9558142027846,15,0 days 00:18:03,0 days 00:01:41,0 days 00:04:13,73.99977529253722,0
86.89783825634011,16,0 days 00:16:25,0 days 00:01:17,0 days 00:05:36,71.5938061949047,0
80.6691845188117,8,0 days 00:16:44,0 days 00:01:14,0 days 00:04:29,65.49189399640572,0
91.99693826855928,13,0 days 00:10:45,0 days 00:01:59,0 days 00:04:08,68.68604942802048,0
81.1543467047995,24,0 days 00:12:52,0 days 00:02:00,0 days 00:03:30,73.22297531162826,1
87.78252723247289,19,0 days 00:15:20,0 days 00:01:13,0 days 00:03:47,62.54172280979794,0
84.60215149317794,5,0 days 00:11:43,0 days 00:02:37,0 days 00:05:41,68.64559161702432,0
88.66314423247063,5,0 days 00:15:14,0 days 00:01:22,0 days 00:04:57,68.33248429963959,0
94.39150011250138,7,0 days 00:15:26,0 days 00:02:56,0 days 00:04:33,70.8520204024048,0
89.68355366684006,16,0 days 00:18:49,0 days 00:02:01,0 days 00:03:53,70.4382736043699,0
80.53043653633236,10,0 days 00:10:17,0 days 00:02:28,0 days 00:04:20,67.35453370135698,0
86.45603659262092,7,0 days 00:13:05,0 days 00:01:30,0 days 00:04:35,75.25467257625093,0
87.65025278477376,12,0 days 00:16:23,0 days 00:01:10,0 days 00:05:46,61.34458079982428,0
88.04266242055178,17,0 days 00:18:25,0 days 00:01:03,0 days 00:04:05,60.71076945068692,0
90.22088765905757,16,0 days 00:11:57,0 days 00:01:31,0 days 00:05:38,68.40518679196751,0
84.16394146597649,24,0 days 00:13:59,0 days 00:02:53,0 days 00:03:41,77.9338850034163,1
81.9329084819948,6,0 days 00:18:20,0 days 00:01:32,0 days 00:05:45,65.55138701059339,0
85.89013514820641,21,0 days 00:13:58,0 days 00:01:13,0 days 00:03:42,63.446186493953064,0
94.34608584193923,23,0 days 00:18:37,0 days 00:01:49,0 days 00:03:01,78.56416788658753,0
82.80696337626267,23,0 days 00:12:25,0 days 00:01:39,0 days 00:03:05,63.364465091651404,1
93.55975932392356,19,0 days 00:14:34,0 days 00:01:00,0 days 00:05:22,67.49681073427051,0
88.1570892511599,20,0 days 00:18:50,0 days 00:02:50,0 days 00:05:17,74.58031020672985,0
86.85367132468649,20,0 days 00:19:05,0 days 00:01:24,0 days 00:04:07,65.21848016955204,0
93.23062115344834,10,0 days 00:15:05,0 days 00:02:24,0 days 00:03:30,64.59699055587363,0
86.87905942652878,6,0 days 00:18:41,0 days 00:01:43,0 days 00:05:31,67.95334467863108,0
90.86251454917314,15,0 days 00:12:12,0 days 00:02:45,0 days 00:04:21,75.74729629193651,0
85.98537982554653,7,0 days 00:11:54,0 days 00:02:30,0 days 00:05:18,78.21966706325013,0
93.56066589351437,13,0 days 00:13:49,0 days 00:02:31,0 days 00:03:47,60.625850558195474,0
90.35037530286841,24,0 days 00:15:27,0 days 00:02:27,0 days 00:05:56,63.30216254743841,0
90.49433081375776,20,0 days 00:15:53,0 days 00:02:30,0 days 00:05:14,79.17202578293815,0
84.91580602335678,12,0 days 00:18:15,0 days 00:02:13,0 days 00:04:10,71.85582583097937,0
91.35167964105334,17,0 days 00:18:07,0 days 00:02:37,0 days 00:03:21,71.0282053830764,0
89.54091583170712,8,0 days 00:10:17,0 days 00:02:30,0 days 00:05:43,76.2708735856799,0
83.60030410069564,6,0 days 00:19:30,0 days 00:01:41,0 days 00:03:27,60.7956659605689,0
82.40808233727884,21,0 days 00:11:27,0 days 00:02:51,0 days 00:05:24,60.2767250234595,1
91.94587211775998,22,0 days 00:12:42,0 days 00:01:31,0 days 00:03:38,79.34988099403184,0
94.38749904552833,21,0 days 00:18:13,0 days 00:01:40,0 days 00:05:44,76.57141371145363,0
86.87208240890064,10,0 days 00:15:26,0 days 00:02:35,0 days 00:03:07,74.94763563116537,0
88.86476247985527,24,0 days 00:12:18,0 days 00:01:08,0 days 00:03:14,63.11401540289734,0
92.86583966290331,15,0 days 00:18:51,0 days 00:01:49,0 days 00:03:37,69.5320784608652,0
86.85835180030786,24,0 days 00:11:24,0 days 00:01:36,0 days 00:03:31,78.74587077131696,0
94.27811715249103,22,0 days 00:17:17,0 days 00:02:21,0 days 00:04:12,78.67199191247909,0
88.63626743067309,18,0 days 00:13:02,0 days 00:02:34,0 days 00:05:43,60.184942139590575,0
92.31150681051972,5,0 days 00:19:08,0 days 00:01:01,0 days 00:04:11,75.04982818012314,0
93.63265577619107,6,0 days 00:17:08,0 days 00:01:58,0 days 00:04:27,60.12475532893421,0
92.23285728152854,11,0 days 00:19:18,0 days 00:01:29,0 days 00:03:58,79.68603455341113,0
82.39121695173434,14,0 days 00:16:33,0 days 00:02:57,0 days 00:04:07,68.33934403991397,0
89.4334765859255,10,0 days 00:15:56,0 days 00:02:20,0 days 00:04:47,79.47037515960199,0
85.97651387929515,17,0 days 00:11:27,0 days 00:02:24,0 days 00:04:44,67.35493618061275,0
80.94069428035019,15,0 days 00:12:43,0 days 00:01:08,0 days 00:05:04,65.86374581146843,0
86.36048377834763,21,0 days 00:11:32,0 days 00:02:59,0 days 00:03:53,66.3258392766921,0
83.88026100334112,22,0 days 00:10:18,0 days 00:01:36,0 days 00:05:35,74.6135813327718,1
92.73557462642766,9,0 days 00:19:50,0 days 00:02:33,0 days 00:03:36,63.99345667860394,0
80.49956939820045,19,0 days 00:12:28,0 days 00:01:59,0 days 00:05:41,77.28115383585302,1
94.3847408279521,18,0 days 00:10:36,0 days 00:02:47,0 days 00:05:48,71.81145387253486,0
85.33053272707895,22,0 days 00:16:08,0 days 00:02:48,0 days 00:04:49,79.3982205189854,0
85.35060335603815,11,0 days 00:18:45,0 days 00:01:15,0 days 00:05:48,79.74169806972297,0
80.24492754025562,15,0 days 00:18:08,0 days 00:01:13,0 days 00:03:31,63.703640026042905,0
82.77848487854276,10,0 days 00:14:37,0 days 00:01:25,0 days 00:04:54,79.11564107152036,0
86.01889251205414,9,0 days 00:15:15,0 days 00:02:41,0 days 00:04:26,60.93076972758367,0
93.9393712595407,9,0 days 00:13:59,0 days 00:02:20,0 days 00:03:03,60.55727448246211,0
81.49422395331906,23,0 days 00:13:09,0 days 00:01:50,0 days 00:04:48,78.87729154657103,1
94.17952300218619,23,0 days 00:18:00,0 days 00:01:11,0 days 00:03:00,79.24793474899987,0
93.04232795819948,15,0 days 00:14:48,0 days 00:01:46,0 days 00:03:32,62.944953453439794,0
86.81243595361327,16,0 days 00:10:30,0 days 00:01:02,0 days 00:05:13,68.84831630777997,0
84.9005132265239,19,0 days 00:19:45,0 days 00:01:33,0 days 00:03:07,69.88185055976365,1
83.49116193918586,24,0 days 00:11:31,0 days 00:02:32,0 days 00:05:23,77.20562473036608,1
89.21697059715311,21,0 days 00:17:25,0 days 00:02:30,0 days 00:04:49,72.55834486392338,0
80.49611887213258,6,0 days 00:15:48,0 days 00:01:41,0 days 00:04:15,75.49132848403231,0
80.23409096670242,13,0 days 00:15:22,0 days 00:01:01,0 days 00:03:33,69.70193690862581,0
86.43193583747356,12,0 days 00:15:42,0 days 00:01:26,0 days 00:05:42,72.96827404483656,0
81.0211111096208,10,0 days 00:17:20,0 days 00:02:12,0 days 00:03:32,74.70818720051717,0
83.77911482369139,20,0 days 00:14:37,0 days 00:02:23,0 days 00:04:02,74.75762567834603,1
83.31741373019126,14,0 days 00:19:56,0 days 00:01:27,0 days 00:03:46,60.03475653569345,0
83.79786790584278,5,0 days 00:12:55,0 days 00:02:39,0 days 00:04:06,61.99816147460121,0
81.96582846822886,19,0 days 00:17:01,0 days 00:01:22,0 days 00:03:56,67.27320882208832,1
80.18054334346482,7,0 days 00:11:28,0 days 00:02:29,0 days 00:03:31,61.223948942070834,0
81.73226445708121,24,0 days 00:17:19,0 days 00:02:28,0 days 00:04:20,67.65979404735434,1
89.27720389269122,9,0 days 00:18:45,0 days 00:02:48,0 days 00:03:10,67.79133696944385,0
94.61384319227075,5,0 days 00:17:08,0 days 00:02:24,0 days 00:03:22,78.4046707455548,0
94.85517502341341,10,0 days 00:15:42,0 days 00:01:36,0 days 00:05:22,71.34143709789382,0
86.13581143059592,22,0 days 00:15:47,0 days 00:02:57,0 days 00:05:43,74.12702561067317,0
82.44431639069909,9,0 days 00:17:21,0 days 00:01:24,0 days 00:04:07,77.74397364172457,0
89.58142636049794,5,0 days 00:12:41,0 days 00:01:30,0 days 00:04:46,68.84258641298635,0
87.35458019823106,22,0 days 00:15:41,0 days 00:01:12,0 days 00:03:48,60.039242891947644,0
94.84114665926647,22,0 days 00:11:06,0 days 00:01:52,0 days 00:05:59,65.70672049250828,0
80.9795631072767,13,0 days 00:10:38,0 days 00:02:59,0 days 00:04:46,76.28317400074974,0
91.7485165747072,14,0 days 00:16:48,0 days 00:02:46,0 days 00:03:58,78.0368233960015,0
84.3259774599724,9,0 days 00:13:29,0 days 00:01:56,0 days 00:05:53,67.03019162236443,0
83.6212793011486,14,0 days 00:19:49,0 days 00:02:32,0 days 00:03:45,65.87982505958097,0
89.93756857299014,17,0 days 00:17:37,0 days 00:02:54,0 days 00:05:01,78.49010422137466,0
83.69094777486447,21,0 days 00:18:57,0 days 00:02:08,0 days 00:04:37,67.0214747196556,1
89.98788676338782,8,0 days 00:10:37,0 days 00:02:05,0 days 00:05:28,73.04490376153316,0
87.75962775803433,5,0 days 00:16:07,0 days 00:02:09,0 days 00:05:47,65.60618470101127,0
86.36133482653774,19,0 days 00:15:14,0 days 00:01:44,0 days 00:04:38,61.95837597581483,0
88.32031712992128,5,0 days 00:11:08,0 days 00:02:25,0 days 00:05:50,70.02472623572027,0
84.30577279879445,16,0 days 00:14:40,0 days 00:02:53,0 days 00:03:54,78.46463674236335,1
90.59862059409468,6,0 days 00:13:51,0 days 00:01:24,0 days 00:04:36,72.3728150785461,0
86.22285304000346,23,0 days 00:12:34,0 days 00:01:08,0 days 00:04:37,64.17653249567469,0
85.40818340728839,19,0 days 00:14:10,0 days 00:02:48,0 days 00:03:48,73.64859146735226,0
92.42985371833606,17,0 days 00:14:04,0 days 00:02:52,0 days 00:05:57,75.36722288195266,0
93.87450367929789,13,0 days 00:13:03,0 days 00:01:30,0 days 00:04:25,66.41521123829918,0
80.69010966330946,10,0 days 00:19:56,0 days 00:01:32,0 days 00:05:08,71.18418802862077,0
83.48940489244649,7,0 days 00:16:35,0 days 00:02:25,0 days 00:03:22,73.63906262934645,0
85.22779054238845,22,0 days 00:13:18,0 days 00:02:07,0 days 00:04:03,63.20706290760976,0
92.2244971905537,20,0 days 00:15:48,0 days 00:01:57,0 days 00:04:21,79.28201879544925,0
94.78237141464946,8,0 days 00:14:18,0 days 00:02:57,0 days 00:03:37,69.02503922899683,0
94.53457557005528,21,0 days 00:12:47,0 days 00:02:24,0 days 00:05:04,79.59328780944134,0
93.5742251832489,23,0 days 00:19:29,0 days 00:02:21,0 days 00:03:45,63.7914773168899,0
84.44834397596046,10,0 days 00:14:10,0 days 00:01:17,0 days 00:03:47,69.67547092619289,0
94.8801686512171,23,0 days 00:16:55,0 days 00:02:15,0 days 00:03:08,63.31707307351675,0
83.74130061584677,12,0 days 00:12:20,0 days 00:01:18,0 days 00:05:56,60.203616447678776,0
81.58859232323348,22,0 days 00:13:12,0 days 00:01:35,0 days 00:03:41,64.75750345150405,1
94.26428916583092,9,0 days 00:16:23,0 days 00:01:58,0 days 00:05:41,68.06374674136167,0
83.50130383202145,18,0 days 00:10:10,0 days 00:02:25,0 days 00:04:25,68.62261475448472,1
90.34652397616625,24,0 days 00:15:19,0 days 00:02:49,0 days 00:04:41,77.73010310208409,0
80.87534538470884,20,0 days 00:13:30,0 days 00:01:43,0 days 00:04:36,72.71354527761684,1
90.96063648691214,24,0 days 00:19:31,0 days 00:02:03,0 days 00:03:17,68.6888331043706,0
93.22580318500759,19,0 days 00:11:56,0 days 00:02:38,0 days 00:03:26,79.75995399219626,0
84.08655343198944,23,0 days 00:12:55,0 days 00:02:55,0 days 00:03:05,72.28448663253371,1
85.68585344116143,5,0 days 00:12:18,0 days 00:02:37,0 days 00:05:51,66.45325929969943,0
85.61444274981375,9,0 days 00:12:27,0 days 00:02:13,0 days 00:05:30,73.8262176242159,0
91.231823863102,11,0 days 00:11:17,0 days 00:01:27,0 days 00:03:56,69.9139984536601,0
83.56710863808559,17,0 days 00:13:05,0 days 00:02:27,0 days 00:04:13,77.62335388136344,1
82.57779648571464,8,0 days 00:19:08,0 days 00:02:03,0 days 00:03:43,77.93022524126643,0
86.73937473031607,23,0 days 00:18:35,0 days 00:02:45,0 days 00:05:29,67.3470080024234,0
84.5670261106598,18,0 days 00:16:59,0 days 00:01:51,0 days 00:04:03,71.24678101720288,1
92.58783683387979,24,0 days 00:11:24,0 days 00:01:59,0 days 00:05:33,65.3154688809261,0
83.56612739023458,22,0 days 00:19:44,0 days 00:01:36,0 days 00:05:23,72.532735034851,1
87.53584186233893,6,0 days 00:10:08,0 days 00:01:48,0 days 00:05:41,79.8469392463935,0
94.13875399546896,23,0 days 00:17:45,0 days 00:02:37,0 days 00:04:54,76.65177035644368,0
89.50996546616992,17,0 days 00:16:20,0 days 00:01:11,0 days 00:04:02,67.32819800605651,0
93.00934108193697,20,0 days 00:13:41,0 days 00:02:49,0 days 00:05:21,61.90760703986985,0
94.1031453403215,12,0 days 00:17:21,0 days 00:02:12,0 days 00:03:12,79.33363974747029,0
91.26147292829528,7,0 days 00:16:12,0 days 00:02:47,0 days 00:05:10,67.7916955735544,0
90.49362590337127,12,0 days 00:19:22,0 days 00:02:50,0 days 00:04:24,65.8676178653363,0
94.5194834990634,18,0 days 00:19:52,0 days 00:02:33,0 days 00:04:02,66.32670785811135,0
94.91601184471519,21,0 days 00:11:57,0 days 00:01:33,0 days 00:03:00,69.79846733277694,0
86.7773252400464,6,0 days 00:16:51,0 days 00:01:47,0 days 00:03:19,79.13502797498,0
81.06304667276312,21,0 days 00:15:03,0 days 00:01:14,0 days 00:05:43,79.73244642666982,1
84.39191047160779,18,0 days 00:17:30,0 days 00:02:34,0 days 00:04:26,65.92253454704792,1
82.28532058531596,10,0 days 00:10:11,0 days 00:02:50,0 days 00:03:19,67.0293741549497,0
86.26229562194018,23,0 days 00:11:22,0 days 00:01:31,0 days 00:05:03,70.23613120132075,0
81.96933992709884,21,0 days 00:13:36,0 days 00:02:27,0 days 00:05:09,60.163745772594716,1
89.06176706031323,17,0 days 00:18:56,0 days 00:02:03,0 days 00:03:30,63.496731264882186,0
85.7421208873678,9,0 days 00:12:08,0 days 00:01:43,0 days 00:04:55,78.72118041009612,0
93.43078826432316,21,0 days 00:17:24,0 days 00:01:21,0 days 00:03:25,60.588704741227225,0
94.51692007697753,24,0 days 00:13:20,0 days 00:01:02,0 days 00:03:49,62.01952559441088,0
88.20327352504134,19,0 days 00:11:27,0 days 00:01:26,0 days 00:03:17,68.41294034067437,0
84.12235354801395,13,0 days 00:18:33,0 days 00:02:40,0 days 00:04:20,74.62900498318024,0
88.88345628142756,19,0 days 00:14:11,0 days 00:02:50,0 days 00:03:15,65.37756460780697,0
93.45141737336616,22,0 days 00:15:49,0 days 00:01:09,0 days 00:03:25,66.11931181107782,0
86.10100018753623,15,0 days 00:10:47,0 days 00:01:01,0 days 00:04:19,66.10945960248773,0
88.28117415037957,19,0 days 00:13:50,0 days 00:01:56,0 days 00:03:57,77.45203853507213,0
84.07479151409218,11,0 days 00:13:56,0 days 00:02:07,0 days 00:05:48,64.52195212454836,0
86.83166224175041,18,0 days 00:17:14,0 days 00:02:21,0 days 00:03:27,71.24803652026381,0
86.02570303069398,9,0 days 00:13:31,0 days 00:01:01,0 days 00:03:10,79.99862294037632,0
83.72620197624457,20,0 days 00:12:05,0 days 00:02:52,0 days 00:03:08,74.56930989786036,1
87.58799575737963,19,0 days 00:18:27,0 days 00:01:30,0 days 00:05:28,66.72701310593852,0
84.65571238969717,15,0 days 00:19:06,0 days 00:01:34,0 days 00:05:59,75.30917940664818,0
85.5955229582112,16,0 days 00:18:01,0 days 00:02:37,0 days 00:04:29,79.07831414771218,0
87.87455663381397,19,0 days 00:17:55,0 days 00:01:47,0 days 00:03:56,67.47075614305169,0
91.2589253439348,16,0 days 00:16:01,0 days 00:01:48,0 days 00:05:17,74.16022480138662,0
85.00261198686913,7,0 days 00:18:28,0 days 00:01:10,0 days 00:04:50,61.51608526238778,0
93.86238149931145,5,0 days 00:13:31,0 days 00:01:06,0 days 00:04:35,77.90593673508283,0
92.93477820253854,19,0 days 00:12:12,0 days 00:01:05,0 days 00:05:43,61.92513449248624,0
80.73035443963293,11,0 days 00:17:15,0 days 00:01:42,0 days 00:05:17,67.4585019252319,0
83.80463786385234,23,0 days 00:14:03,0 days 00:02:10,0 days 00:03:16,70.85011685724471,1
86.69203268988802,19,0 days 00:11:11,0 days 00:02:45,0 days 00:04:43,65.27155284900438,0
81.56941833113711,18,0 days 00:17:20,0 days 00:01:38,0 days 00:03:13,72.98538651974356,1
85.22713983550246,17,0 days 00:19:23,0 days 00:01:05,0 days 00:04:52,71.08857454784822,0
91.10146288426523,10,0 days 00:13:43,0 days 00:02:00,0 days 00:03:40,74.34370480596212,0
90.20771721714239,24,0 days 00:11:01,0 days 00:01:30,0 days 00:04:37,67.08278730244322,0
89.33576642849007,24,0 days 00:16:07,0 days 00:01:59,0 days 00:04:51,70.92027779305347,0
90.65792604083518,13,0 days 00:12:33,0 days 00:01:08,0 days 00:04:47,76.24370800362458,0
83.07385530439552,13,0 days 00:16:21,0 days 00:02:03,0 days 00:05:53,76.21392692002911,0
85.12547172297099,20,0 days 00:13:42,0 days 00:02:21,0 days 00:05:27,74.28479949703762,0
90.14363723416194,15,0 days 00:14:04,0 days 00:02:59,0 days 00:05:02,70.83871779229959,0
93.1885214454699,15,0 days 00:10:49,0 days 00:02:26,0 days 00:05:20,73.4652220154899,0
88.15517080742143,22,0 days 00:17:45,0 days 00:01:03,0 days 00:03:09,61.73760580224101,0
84.24049476418305,5,0 days 00:13:04,0 days 00:01:15,0 days 00:03:41,69.42634401421465,0
80.45352887008974,12,0 days 00:12:37,0 days 00:02:42,0 days 00:03:16,77.20287000609298,0
90.6550524346132,11,0 days 00:13:23,0 days 00:02:50,0 days 00:03:35,72.14729643453285,0
80.1182615526266,7,0 days 00:13:09,0 days 00:02:56,0 days 00:04:09,78.8336621165018,0
85.59018604731493,6,0 days 00:16:58,0 days 00:02:34,0 days 00:05:41,65.24357042588161,0
87.95805821844172,21,0 days 00:14:08,0 days 00:01:06,0 days 00:03:35,61.92603604221551,0
93.8316719265079,18,0 days 00:18:30,0 days 00:02:33,0 days 00:04:33,72.53226871207774,0
81.3424181754935,22,0 days 00:12:36,0 days 00:01:22,0 days 00:03:49,61.81851859640761,1
86.08913482952426,12,0 days 00:18:54,0 days 00:01:10,0 days 00:03:32,75.64270726848832,0
80.36469799565236,6,0 days 00:11:29,0 days 00:01:28,0 days 00:05:54,65.13484816298114,0
85.13916476512385,7,0 days 00:10:17,0 days 00:01:07,0 days 00:04:16,70.77503716887313,0
89.33346588259693,5,0 days 00:10:33,0 days 00:02:31,0 days 00:05:43,76.22754080603225,0
84.18601922342897,23,0 days 00:17:48,0 days 00:02:52,0 days 00:04:47,75.760707374006,1
83.14624924483452,11,0 days 00:16:19,0 days 00:02:23,0 days 00:03:45,69.91950054158417,0
81.7355484999064,11,0 days 00:10:07,0 days 00:01:02,0 days 00:03:04,79.51692826630946,0
88.65710366030513,8,0 days 00:13:12,0 days 00:02:55,0 days 00:05:03,69.95266314181681,0
90.42905008857029,9,0 days 00:14:28,0 days 00:02:11,0 days 00:03:05,65.57582833382111,0
90.07935710893733,24,0 days 00:14:01,0 days 00:02:16,0 days 00:05:49,66.04862489103374,0
94.23291531080761,23,0 days 00:15:27,0 days 00:01:51,0 days 00:04:29,74.8728544775454,0
80.04054820840254,11,0 days 00:19:59,0 days 00:01:19,0 days 00:04:29,68.74214077781187,0
89.70794980841055,19,0 days 00:19:10,0 days 00:02:55,0 days 00:03:53,68.3757696957098,0
89.0058835564646,20,0 days 00:10:02,0 days 00:02:34,0 days 00:03:03,60.40973190539869,0
88.83109414955432,22,0 days 00:19:45,0 days 00:01:30,0 days 00:03:44,66.10556320842099,0
94.44155479760363,6,0 days 00:13:10,0 days 00:01:27,0 days 00:03:27,77.20766159683214,0
80.25307510055059,14,0 days 00:15:06,0 days 00:01:15,0 days 00:04:29,76.07008996454294,0
90.44723646052175,24,0 days 00:18:44,0 days 00:01:47,0 days 00:03:44,74.9302171996532,0
92.20517974552796,22,0 days 00:18:07,0 days 00:01:23,0 days 00:05:57,60.4625677335144,0
87.64710794932377,16,0 days 00:16:53,0 days 00:01:58,0 days 00:05:49,60.53980582863387,0
85.00947304395214,5,0 days 00:13:06,0 days 00:02:34,0 days 00:04:30,66.22929918781765,0
91.86260244841108,8,0 days 00:15:26,0 days 00:02:23,0 days 00:04:24,69.48906544436267,0
81.45864388448636,9,0 days 00:11:06,0 days 00:01:08,0 days 00:03:12,78.1948253597254,0
86.63053456594888,24,0 days 00:15:05,0 days 00:01:13,0 days 00:04:21,67.6925963201108,0
87.79928561856258,20,0 days 00:17:41,0 days 00:01:38,0 days 00:04:33,65.77050005725785,0
90.40934616401822,10,0 days 00:14:08,0 days 00:01:38,0 days 00:04:13,71.42305936609425,0
81.36328598048614,9,0 days 00:10:18,0 days 00:01:02,0 days 00:04:39,78.29388599099389,0
83.41639252306791,14,0 days 00:17:21,0 days 00:01:42,0 days 00:03:19,74.772774229245,0
86.15452344035188,21,0 days 00:15:46,0 days 00:01:51,0 days 00:05:28,77.13332563958622,0
89.34942009530197,21,0 days 00:11:55,0 days 00:02:08,0 days 00:05:07,63.64395289846066,0
93.30441171826126,10,0 days 00:16:54,0 days 00:01:38,0 days 00:03:37,62.51328890627585,0
89.28239252362064,5,0 days 00:16:45,0 days 00:02:09,0 days 00:03:11,70.88142267377786,0
82.00192206402401,8,0 days 00:14:51,0 days 00:01:59,0 days 00:05:26,73.947416514345,0
94.70870199180924,13,0 days 00:13:02,0 days 00:02:03,0 days 00:04:59,79.09976096325063,0
93.0767860213324,14,0 days 00:19:35,0 days 00:01:53,0 days 00:03:34,67.43068816912958,0
87.54081141717987,15,0 days 00:12:54,0 days 00:02:02,0 days 00:03:54,66.93113704407394,0
93.83521972694949,11,0 days 00:12:48,0 days 00:02:50,0 days 00:05:33,70.3170859580317,0
88.12071190635703,17,0 days 00:19:30,0 days 00:02:54,0 days 00:04:22,73.69875873413417,0
93.84959101833745,16,0 days 00:15:24,0 days 00:01:33,0 days 00:04:46,71.32047554230607,0
92.44846052905015,7,0 days 00:16:53,0 days 00:02:28,0 days 00:05:51,74.46061386665193,0
94.52429615441446,22,0 days 00:10:51,0 days 00:02:48,0 days 00:05:53,67.6062987422498,0
93.79674216167237,12,0 days 00:10:54,0 days 00:02:32,0 days 00:05:56,77.24395260370483,0
80.54050726142854,12,0 days 00:10:56,0 days 00:02:25,0 days 00:05:17,63.65951187167919,0
82.6215800624141,11,0 days 00:19:24,0 days 00:01:44,0 days 00:03:27,66.31809285656657,0
85.83702015651778,10,0 days 00:11:41,0 days 00:01:14,0 days 00:03:23,75.47355327540635,0
94.2821404594313,14,0 days 00:18:07,0 days 00:02:54,0 days 00:03:01,66.71344507958791,0
84.50043379213895,17,0 days 00:11:06,0 days 00:02:56,0 days 00:05:27,73.3630920474003,1
82.40701465831401,13,0 days 00:19:05,0 days 00:02:08,0 days 00:05:02,65.75595218545922,0
93.2945699912984,6,0 days 00:17:50,0 days 00:02:45,0 days 00:03:06,63.742086848665856,0
86.69591623224804,19,0 days 00:10:06,0 days 00:02:21,0 days 00:03:28,66.01465127906307,0
93.61813391531489,18,0 days 00:10:32,0 days 00:02:19,0 days 00:04:32,77.7398659407576,0
82.40345699480216,20,0 days 00:16:47,0 days 00:01:25,0 days 00:04:35,69.21766257383425,1
89.91676267262149,9,0 days 00:12:45,0 days 00:02:03,0 days 00:04:20,64.50830307476457,0
86.60395629244238,7,0 days 00:15:21,0 days 00:01:36,0 days 00:03:49,66.42877178330087,0
81.14730153545428,12,0 days 00:18:35,0 days 00:01:12,0 days 00:04:41,60.05541913251364,0
90.4469471697875,18,0 days 00:13:09,0 days 00:01:38,0 days 00:04:51,75.11616575514057,0
83.7109813330873,13,0 days 00:13:15,0 days 00:01:59,0 days 00:04:43,64.51354904865605,0
80.59423283869276,10,0 days 00:13:39,0 days 00:02:33,0 days 00:04:40,71.95842080541004,0
80.8991644737436,12,0 days 00:10:49,0 days 00:01:30,0 days 00:05:51,60.50219076354286,0
80.91617805600181,20,0 days 00:18:33,0 days 00:02:38,0 days 00:03:31,76.68996863947035,1
93.61599436227559,20,0 days 00:11:42,0 days 00:02:23,0 days 00:04:05,63.7488950727271,0
91.09825876743652,14,0 days 00:11:37,0 days 00:02:46,0 days 00:05:32,60.0953675552854,0
93.47093535820602,24,0 days 00:16:03,0 days 00:02:23,0 days 00:03:34,66.0237561673085,0
90.08873466944782,14,0 days 00:11:35,0 days 00:01:31,0 days 00:05:05,78.40974237674544,0
87.93409893546325,16,0 days 00:19:20,0 days 00:02:45,0 days 00:04:40,65.25228436089272,0
84.56669546521067,8,0 days 00:13:08,0 days 00:02:40,0 days 00:03:42,70.06957676235822,0
94.9694337699301,12,0 days 00:16:05,0 days 00:02:45,0 days 00:05:48,68.14459688715408,0
85.43283588409084,23,0 days 00:13:25,0 days 00:02:15,0 days 00:03:00,65.88498516664174,0
87.05973423820865,13,0 days 00:11:20,0 days 00:01:07,0 days 00:04:06,78.54707157203141,0
85.67367762385193,6,0 days 00:11:28,0 days 00:02:09,0 days 00:04:06,75.77989816107453,0
94.69290394003188,8,0 days 00:15:01,0 days 00:02:17,0 days 00:03:45,75.23826630747715,0
82.61987578092508,23,0 days 00:16:30,0 days 00:02:02,0 days 00:03:12,70.5221424896248,1
84.91982001362119,22,0 days 00:14:34,0 days 00:02:38,0 days 00:04:43,76.49723347459674,1
90.20522999022502,19,0 days 00:15:12,0 days 00:01:46,0 days 00:04:27,69.16857316422508,0
80.94811427507946,15,0 days 00:18:40,0 days 00:01:32,0 days 00:03:06,69.30379100943111,0
89.10874061017311,15,0 days 00:12:26,0 days 00:01:32,0 days 00:04:26,69.87548126826928,0
87.16469754314625,16,0 days 00:18:09,0 days 00:01:28,0 days 00:04:00,64.73820450449142,0
84.25999965143151,18,0 days 00:19:11,0 days 00:01:12,0 days 00:05:07,78.4730371877398,1
83.57619921386087,19,0 days 00:18:41,0 days 00:02:33,0 days 00:03:51,65.17501349757099,1
87.71769114948135,10,0 days 00:18:16,0 days 00:02:55,0 days 00:03:56,63.963189998789304,0
85.51891370805562,15,0 days 00:15:53,0 days 00:02:14,0 days 00:05:53,64.8750358666317,0
86.84779836893983,12,0 days 00:14:15,0 days 00:02:46,0 days 00:04:04,76.34704233131878,0
85.0621607264636,22,0 days 00:17:13,0 days 00:01:55,0 days 00:05:04,75.37091275352724,0
94.55740540393967,10,0 days 00:15:53,0 days 00:02:13,0 days 00:05:28,68.54213616912136,0
82.00159147618406,11,0 days 00:19:22,0 days 00:02:55,0 days 00:03:36,60.27563809249165,0
81.45205929767562,16,0 days 00:16:39,0 days 00:01:49,0 days 00:04:36,79.51470066501771,1
85.15087593186374,16,0 days 00:13:58,0 days 00:01:19,0 days 00:03:18,62.65061954980727,0
88.86540351305737,22,0 days 00:12:47,0 days 00:02:26,0 days 00:05:58,77.02845353184479,0
89.88764707775043,23,0 days 00:15:26,0 days 00:01:23,0 days 00:05:43,75.63446173261505,0
85.95885120752064,10,0 days 00:16:41,0 days 00:01:30,0 days 00:03:25,78.7615156342273,0
94.98916990883257,22,0 days 00:11:51,0 days 00:02:00,0 days 00:04:34,75.46797078170577,0
85.27839494289564,13,0 days 00:17:29,0 days 00:01:52,0 days 00:03:15,66.62743181654056,0
90.82110001939928,22,0 days 00:14:36,0 days 00:01:13,0 days 00:03:22,64.63828086828339,0
89.5637404179619,15,0 days 00:11:12,0 days 00:02:54,0 days 00:04:06,67.5538164081283,0
92.19580794871192,12,0 days 00:16:12,0 days 00:01:31,0 days 00:03:23,64.06174341033349,0
94.6433849518073,16,0 days 00:12:08,0 days 00:01:58,0 days 00:05:41,74.39149495489902,0
93.3469048466831,19,0 days 00:19:13,0 days 00:01:16,0 days 00:04:57,76.53037264988221,0
91.46842961536564,5,0 days 00:10:32,0 days 00:01:18,0 days 00:04:46,72.92877784794496,0
90.47372716727436,6,0 days 00:17:50,0 days 00:01:01,0 days 00:04:56,63.72185462618204,0
85.03247254513849,6,0 days 00:16:20,0 days 00:01:15,0 days 00:04:45,60.74769422057292,0
82.21528367310061,9,0 days 00:18:42,0 days 00:01:32,0 days 00:05:55,71.60802533713928,0
80.93954004589715,17,0 days 00:10:21,0 days 00:02:18,0 days 00:03:59,69.25346210159228,1
83.62852556302227,13,0 days 00:19:29,0 days 00:02:13,0 days 00:04:49,63.99407856398065,0
86.48422221771948,23,0 days 00:19:17,0 days 00:01:06,0 days 00:03:19,67.36167804440582,0
87.82994410444974,17,0 days 00:15:23,0 days 00:02:55,0 days 00:04:18,70.82932511217906,0
91.59625331082307,24,0 days 00:13:17,0 days 00:02:51,0 days 00:03:38,72.65834224553159,0
94.38111384584889,8,0 days 00:14:43,0 days 00:02:07,0 days 00:03:37,69.53287555085636,0
81.75980720577216,15,0 days 00:13:38,0 days 00:02:10,0 days 00:03:35,79.42785643470816,0
81.60506210290687,12,0 days 00:16:36,0 days 00:02:58,0 days 00:03:11,60.92452800941712,0
88.84542084520326,19,0 days 00:15:20,0 days 00:02:19,0 days 00:04:42,73.16415826053797,0
91.1809711092094,13,0 days 00:10:03,0 days 00:02:33,0 days 00:05:36,78.19115803575652,0
92.72225570520477,19,0 days 00:17:07,0 days 00:02:25,0 days 00:03:42,64.7312842222645,0
94.03748120325183,8,0 days 00:19:12,0 days 00:01:51,0 days 00:05:53,64.27414376138276,0
94.75139363390963,8,0 days 00:10:20,0 days 00:02:14,0 days 00:03:41,75.24465614965165,0
85.99702538336788,22,0 days 00:18:56,0 days 00:01:58,0 days 00:04:18,69.72747588210473,0
85.7050277529136,17,0 days 00:14:48,0 days 00:02:17,0 days 00:03:40,79.84355013395763,0
82.21713015045908,18,0 days 00:15:29,0 days 00:02:31,0 days 00:04:54,71.78247240983424,1
90.27401658025339,12,0 days 00:15:26,0 days 00:01:26,0 days 00:05:43,78.46883866975986,0
89.85142937661256,20,0 days 00:11:07,0 days 00:01:26,0 days 00:05:45,60.24421039326844,0
92.9309389377681,19,0 days 00:16:52,0 days 00:02:45,0 days 00:03:55,63.0907924095141,0
81.45886992181461,12,0 days 00:18:35,0 days 00:02:08,0 days 00:03:34,73.6883808950318,0
87.46665361738013,24,0 days 00:17:43,0 days 00:01:59,0 days 00:03:31,68.32932739794892,0
88.71622894508094,15,0 days 00:13:44,0 days 00:01:29,0 days 00:05:27,76.7192913885796,0
83.62335560059877,18,0 days 00:17:02,0 days 00:01:48,0 days 00:03:57,68.57796185113037,1
82.53538109193742,23,0 days 00:10:01,0 days 00:02:32,0 days 00:04:41,74.25993392709971,1
92.89371254629432,6,0 days 00:12:25,0 days 00:02:01,0 days 00:03:23,71.32320034066916,0
80.87802383353338,16,0 days 00:13:10,0 days 00:02:00,0 days 00:04:16,62.39807134657246,1
87.0593135587711,23,0 days 00:17:11,0 days 00:01:15,0 days 00:04:20,74.35902413414064,0
81.73751001951328,19,0 days 00:14:24,0 days 00:02:50,0 days 00:04:37,74.12743602695396,1
86.85588141997052,10,0 days 00:15:29,0 days 00:02:31,0 days 00:03:30,62.314363024264296,0
94.69943489513464,13,0 days 00:17:16,0 days 00:01:40,0 days 00:04:31,71.23822915615457,0
86.3555953018321,23,0 days 00:19:13,0 days 00:01:32,0 days 00:05:11,66.71300035097437,0
92.85687376256851,7,0 days 00:10:24,0 days 00:01:45,0 days 00:04:26,69.17699564091551,0
81.7597334627479,16,0 days 00:19:35,0 days 00:02:53,0 days 00:05:09,68.45517386061552,1
84.06878115142796,17,0 days 00:11:11,0 days 00:01:14,0 days 00:03:14,62.09548808498377,1
86.05689111001001,16,0 days 00:11:09,0 days 00:02:08,0 days 00:05:35,63.160459725825596,0
85.99718210013997,13,0 days 00:17:29,0 days 00:02:29,0 days 00:05:08,61.736172322873,0
90.0707521800523,9,0 days 00:13:21,0 days 00:02:36,0 days 00:03:09,63.84894027206724,0
85.17077191063261,22,0 days 00:15:46,0 days 00:01:12,0 days 00:03:35,77.04888772995491,0
90.70650302615024,17,0 days 00:12:48,0 days 00:01:44,0 days 00:04:18,60.490452985258656,0
89.58780348838089,22,0 days 00:16:08,0 days 00:02:45,0 days 00:03:32,68.63234500573712,0
85.9874171788216,15,0 days 00:15:58,0 days 00:01:59,0 days 00:05:34,76.01872777406182,0
86.47640191481479,21,0 days 00:16:45,0 days 00:01:42,0 days 00:03:12,62.0051640905478,0
89.2179154971548,15,0 days 00:15:32,0 days 00:02:03,0 days 00:03:52,64.55427180317929,0
81.05063285216967,16,0 days 00:11:10,0 days 00:01:52,0 days 00:05:53,74.54879415116574,1
92.33610107533535,7,0 days 00:16:56,0 days 00:01:13,0 days 00:04:18,72.95104865186705,0
89.80131741670455,15,0 days 00:17:06,0 days 00:01:52,0 days 00:03:19,71.26047673430332,0
90.89513696626753,17,0 days 00:15:42,0 days 00:01:50,0 days 00:04:33,63.43281633256362,0
88.05384501623585,22,0 days 00:10:20,0 days 00:01:50,0 days 00:04:58,75.89062023931731,0
81.65715666487617,12,0 days 00:11:49,0 days 00:02:53,0 days 00:05:03,62.82828223762592,0
86.07553419945425,21,0 days 00:13:07,0 days 00:02:09,0 days 00:04:21,62.69595789446129,0
86.08060374272834,15,0 days 00:12:11,0 days 00:02:27,0 days 00:04:10,75.90070088606709,0
84.81564485064825,7,0 days 00:19:35,0 days 00:02:41,0 days 00:05:41,67.3844665576815,0
80.44925487357123,20,0 days 00:11:02,0 days 00:02:56,0 days 00:03:43,66.25234231846693,1
91.05881363894716,16,0 days 00:16:32,0 days 00:02:34,0 days 00:03:00,65.57344102620473,0
81.64676687093751,19,0 days 00:14:44,0 days 00:02:32,0 days 00:03:57,66.49944212735203,1
89.09462199567628,24,0 days 00:14:03,0 days 00:01:54,0 days 00:05:30,66.8117519941521,0
90.54826244700824,14,0 days 00:10:13,0 days 00:02:25,0 days 00:03:14,73.9273538721308,0
89.52179484400543,8,0 days 00:17:51,0 days 00:02:23,0 days 00:04:40,64.80524402302545,0
94.38713377966963,21,0 days 00:16:22,0 days 00:02:28,0 days 00:04:09,66.50652906947809,0
81.54947232627708,5,0 days 00:18:31,0 days 00:01:47,0 days 00:03:10,75.52423016940132,0
93.00750738657798,18,0 days 00:16:36,0 days 00:02:27,0 days 00:04:07,78.26301146627424,0
80.4378535227337,11,0 days 00:11:49,0 days 00:01:45,0 days 00:03:04,72.25671940456864,0
88.02375282390626,9,0 days 00:19:49,0 days 00:02:02,0 days 00:04:00,62.10236458925614,0
86.06365426908889,8,0 days 00:14:39,0 days 00:01:10,0 days 00:03:52,70.83169321417246,0
87.86275790590638,24,0 days 00:13:51,0 days 00:02:34,0 days 00:05:13,72.55557748448813,0
85.47649815590015,22,0 days 00:13:07,0 days 00:02:36,0 days 00:03:11,66.28105394013895,0
82.85850372410103,21,0 days 00:14:09,0 days 00:02:25,0 days 00:04:00,76.56000745853794,1
80.28684346173034,12,0 days 00:11:58,0 days 00:02:44,0 days 00:05:21,75.64157621514356,0
87.77224720686762,16,0 days 00:13:21,0 days 00:01:54,0 days 00:05:20,71.5061341344058,0
92.64165294027264,7,0 days 00:13:51,0 days 00:02:34,0 days 00:05:15,62.90031178854224,0
